[
    {
        "fileName": "1.jpg",
        "title": "Help This Company",
        "desc": "三五瓶，比两拳，打多打少是个缘"
    },{
        "fileName": "2.jpg",
        "title": "Help This Company",
        "desc": "三五瓶，比两拳，打多打少是个缘"
    },{
        "fileName": "3.jpg",
        "title": "Help This Company",
        "desc": "三五瓶，比两拳，打多打少是个缘"
    },{
        "fileName": "4.jpg",
        "title": "Help This Company",
        "desc": "三五瓶，比两拳，打多打少是个缘"
    },{
        "fileName": "5.jpg",
        "title": "Help This Company",
        "desc": "三五瓶，比两拳，打多打少是个缘"
    },{
        "fileName": "6.jpg",
        "title": "Help This Company",
        "desc": "三五瓶，比两拳，打多打少是个缘"
    },{
        "fileName": "7.jpg",
        "title": "Help This Company",
        "desc": "三五瓶，比两拳，打多打少是个缘"
    },{
        "fileName": "8.jpg",
        "title": "Help This Company",
        "desc": "三五瓶，比两拳，打多打少是个缘"
    },{
        "fileName": "9.jpg",
        "title": "Help This Company",
        "desc": "三五瓶，比两拳，打多打少是个缘"
    },{
        "fileName": "10.jpg",
        "title": "Help This Company",
        "desc": "三五瓶，比两拳，打多打少是个缘"
    }
]